[
  {
    "name": "wordpress",
    "image": "wordpress:latest",
    "memory": 512,
    "cpu": 256,
    "essential": true,
    "portMappings": [
      {
        "containerPort": 80,
        "hostPort": 80
      }
    ],
    "environment": [
      {
        "name": "WORDPRESS_DB_HOST",
        "value": "${db_host}"
      },
      {
        "name": "WORDPRESS_DB_NAME",
        "value": "${db_name}"
      },
      {
        "name": "WORDPRESS_DB_USER",
        "value": "${db_user}"
      },
      {
        "name": "WORDPRESS_DB_PASSWORD",
        "value": "${db_password}"
      }
    ]
  }
]